-- WashOs Seed Data
-- This script creates dummy users for testing: 10 students, 10 wardens, and 10 laundry staff
-- Password for all users: "password123" (hashed with bcrypt)

-- ============================================
-- STEP 1: Create Blocks (for wardens and students)
-- ============================================
INSERT INTO blocks (id, name) VALUES
  ('10000000-0000-0000-0000-000000000001', 'Block A - Boys'),
  ('10000000-0000-0000-0000-000000000002', 'Block B - Girls'),
  ('10000000-0000-0000-0000-000000000003', 'Block C - Boys'),
  ('10000000-0000-0000-0000-000000000004', 'Block D - Girls'),
  ('10000000-0000-0000-0000-000000000005', 'Block E - Co-ed'),
  ('10000000-0000-0000-0000-000000000006', 'Block F - Boys'),
  ('10000000-0000-0000-0000-000000000007', 'Block G - Girls'),
  ('10000000-0000-0000-0000-000000000008', 'Block H - Boys'),
  ('10000000-0000-0000-0000-000000000009', 'Block I - Girls'),
  ('10000000-0000-0000-0000-000000000010', 'Block J - Co-ed')
ON CONFLICT (id) DO NOTHING;

-- ============================================
-- STEP 2: Create Floors
-- ============================================
INSERT INTO floors (id, block_id, floor_number) VALUES
  ('20000000-0000-0000-0000-000000000001', '10000000-0000-0000-0000-000000000001', 1),
  ('20000000-0000-0000-0000-000000000002', '10000000-0000-0000-0000-000000000001', 2),
  ('20000000-0000-0000-0000-000000000003', '10000000-0000-0000-0000-000000000002', 1),
  ('20000000-0000-0000-0000-000000000004', '10000000-0000-0000-0000-000000000002', 2),
  ('20000000-0000-0000-0000-000000000005', '10000000-0000-0000-0000-000000000003', 1),
  ('20000000-0000-0000-0000-000000000006', '10000000-0000-0000-0000-000000000004', 1),
  ('20000000-0000-0000-0000-000000000007', '10000000-0000-0000-0000-000000000005', 1)
ON CONFLICT (id) DO NOTHING;

-- ============================================
-- STEP 3: Create Rooms (for students)
-- ============================================
INSERT INTO rooms (id, floor_id, room_number) VALUES
  ('30000000-0000-0000-0000-000000000001', '20000000-0000-0000-0000-000000000001', 101),
  ('30000000-0000-0000-0000-000000000002', '20000000-0000-0000-0000-000000000001', 102),
  ('30000000-0000-0000-0000-000000000003', '20000000-0000-0000-0000-000000000001', 103),
  ('30000000-0000-0000-0000-000000000004', '20000000-0000-0000-0000-000000000002', 201),
  ('30000000-0000-0000-0000-000000000005', '20000000-0000-0000-0000-000000000002', 202),
  ('30000000-0000-0000-0000-000000000006', '20000000-0000-0000-0000-000000000003', 101),
  ('30000000-0000-0000-0000-000000000007', '20000000-0000-0000-0000-000000000003', 102),
  ('30000000-0000-0000-0000-000000000008', '20000000-0000-0000-0000-000000000004', 201),
  ('30000000-0000-0000-0000-000000000009', '20000000-0000-0000-0000-000000000005', 101),
  ('30000000-0000-0000-0000-000000000010', '20000000-0000-0000-0000-000000000005', 102)
ON CONFLICT (id) DO NOTHING;

-- ============================================
-- STEP 4: Create Laundry Services (for laundry staff)
-- ============================================
INSERT INTO laundry_services (id, name, phone) VALUES
  ('40000000-0000-0000-0000-000000000001', 'FastWash Laundry Services', '+91-9876543210'),
  ('40000000-0000-0000-0000-000000000002', 'CleanTouch Laundry Co.', '+91-9876543211'),
  ('40000000-0000-0000-0000-000000000003', 'SparkleClean Services', '+91-9876543212'),
  ('40000000-0000-0000-0000-000000000004', 'QuickWash Express', '+91-9876543213'),
  ('40000000-0000-0000-0000-000000000005', 'PureWash Laundry', '+91-9876543214')
ON CONFLICT (id) DO NOTHING;

-- ============================================
-- STEP 5: Create STUDENT USERS (10 records)
-- Password: "password123" (plain text)
-- ============================================
INSERT INTO users (id, email, password, role) VALUES
  ('50000000-0000-0000-0000-000000000001', 'student1@washos.com', 'password123', 'student'),
  ('50000000-0000-0000-0000-000000000002', 'student2@washos.com', 'password123', 'student'),
  ('50000000-0000-0000-0000-000000000003', 'student3@washos.com', 'password123', 'student'),
  ('50000000-0000-0000-0000-000000000004', 'student4@washos.com', 'password123', 'student'),
  ('50000000-0000-0000-0000-000000000005', 'student5@washos.com', 'password123', 'student'),
  ('50000000-0000-0000-0000-000000000006', 'student6@washos.com', 'password123', 'student'),
  ('50000000-0000-0000-0000-000000000007', 'student7@washos.com', 'password123', 'student'),
  ('50000000-0000-0000-0000-000000000008', 'student8@washos.com', 'password123', 'student'),
  ('50000000-0000-0000-0000-000000000009', 'student9@washos.com', 'password123', 'student'),
  ('50000000-0000-0000-0000-000000000010', 'student10@washos.com', 'password123', 'student')
ON CONFLICT (id) DO NOTHING;

-- ============================================
-- STEP 6: Create WARDEN USERS (10 records)
-- Password: "password123" (plain text)
-- ============================================
INSERT INTO users (id, email, password, role) VALUES
  ('60000000-0000-0000-0000-000000000001', 'warden1@washos.com', 'password123', 'warden'),
  ('60000000-0000-0000-0000-000000000002', 'warden2@washos.com', 'password123', 'warden'),
  ('60000000-0000-0000-0000-000000000003', 'warden3@washos.com', 'password123', 'warden'),
  ('60000000-0000-0000-0000-000000000004', 'warden4@washos.com', 'password123', 'warden'),
  ('60000000-0000-0000-0000-000000000005', 'warden5@washos.com', 'password123', 'warden'),
  ('60000000-0000-0000-0000-000000000006', 'warden6@washos.com', 'password123', 'warden'),
  ('60000000-0000-0000-0000-000000000007', 'warden7@washos.com', 'password123', 'warden'),
  ('60000000-0000-0000-0000-000000000008', 'warden8@washos.com', 'password123', 'warden'),
  ('60000000-0000-0000-0000-000000000009', 'warden9@washos.com', 'password123', 'warden'),
  ('60000000-0000-0000-0000-000000000010', 'warden10@washos.com', 'password123', 'warden')
ON CONFLICT (id) DO NOTHING;

-- ============================================
-- STEP 7: Create LAUNDRY STAFF USERS (10 records)
-- Note: Using 'staff' role as per schema
-- Password: "password123" (plain text)
-- ============================================
INSERT INTO users (id, email, password, role) VALUES
  ('70000000-0000-0000-0000-000000000001', 'laundry1@washos.com', 'password123', 'staff'),
  ('70000000-0000-0000-0000-000000000002', 'laundry2@washos.com', 'password123', 'staff'),
  ('70000000-0000-0000-0000-000000000003', 'laundry3@washos.com', 'password123', 'staff'),
  ('70000000-0000-0000-0000-000000000004', 'laundry4@washos.com', 'password123', 'staff'),
  ('70000000-0000-0000-0000-000000000005', 'laundry5@washos.com', 'password123', 'staff'),
  ('70000000-0000-0000-0000-000000000006', 'laundry6@washos.com', 'password123', 'staff'),
  ('70000000-0000-0000-0000-000000000007', 'laundry7@washos.com', 'password123', 'staff'),
  ('70000000-0000-0000-0000-000000000008', 'laundry8@washos.com', 'password123', 'staff'),
  ('70000000-0000-0000-0000-000000000009', 'laundry9@washos.com', 'password123', 'staff'),
  ('70000000-0000-0000-0000-000000000010', 'laundry10@washos.com', 'password123', 'staff')
ON CONFLICT (id) DO NOTHING;

-- ============================================
-- STEP 8: Create STUDENT PROFILES
-- ============================================
INSERT INTO students (id, user_id, name, phone, room_id) VALUES
  ('80000000-0000-0000-0000-000000000001', '50000000-0000-0000-0000-000000000001', 'Raj Kumar', '+91-9999999901', '30000000-0000-0000-0000-000000000001'),
  ('80000000-0000-0000-0000-000000000002', '50000000-0000-0000-0000-000000000002', 'Priya Singh', '+91-9999999902', '30000000-0000-0000-0000-000000000002'),
  ('80000000-0000-0000-0000-000000000003', '50000000-0000-0000-0000-000000000003', 'Amit Patel', '+91-9999999903', '30000000-0000-0000-0000-000000000003'),
  ('80000000-0000-0000-0000-000000000004', '50000000-0000-0000-0000-000000000004', 'Sneha Sharma', '+91-9999999904', '30000000-0000-0000-0000-000000000004'),
  ('80000000-0000-0000-0000-000000000005', '50000000-0000-0000-0000-000000000005', 'Vikram Reddy', '+91-9999999905', '30000000-0000-0000-0000-000000000005'),
  ('80000000-0000-0000-0000-000000000006', '50000000-0000-0000-0000-000000000006', 'Ananya Iyer', '+91-9999999906', '30000000-0000-0000-0000-000000000006'),
  ('80000000-0000-0000-0000-000000000007', '50000000-0000-0000-0000-000000000007', 'Rahul Verma', '+91-9999999907', '30000000-0000-0000-0000-000000000007'),
  ('80000000-0000-0000-0000-000000000008', '50000000-0000-0000-0000-000000000008', 'Kavya Menon', '+91-9999999908', '30000000-0000-0000-0000-000000000008'),
  ('80000000-0000-0000-0000-000000000009', '50000000-0000-0000-0000-000000000009', 'Arjun Gupta', '+91-9999999909', '30000000-0000-0000-0000-000000000009'),
  ('80000000-0000-0000-0000-000000000010', '50000000-0000-0000-0000-000000000010', 'Diya Krishnan', '+91-9999999910', '30000000-0000-0000-0000-000000000010')
ON CONFLICT (id) DO NOTHING;

-- ============================================
-- STEP 9: Create WARDEN PROFILES
-- Note: Each warden gets assigned to a DIFFERENT block (block_id is UNIQUE in wardens table)
-- ============================================
INSERT INTO wardens (id, user_id, name, phone, block_id) VALUES
  ('90000000-0000-0000-0000-000000000001', '60000000-0000-0000-0000-000000000001', 'Mr. Rajesh Sharma', '+91-8888888801', '10000000-0000-0000-0000-000000000001'),
  ('90000000-0000-0000-0000-000000000002', '60000000-0000-0000-0000-000000000002', 'Ms. Sunita Verma', '+91-8888888802', '10000000-0000-0000-0000-000000000002'),
  ('90000000-0000-0000-0000-000000000003', '60000000-0000-0000-0000-000000000003', 'Mr. Anil Kumar', '+91-8888888803', '10000000-0000-0000-0000-000000000003'),
  ('90000000-0000-0000-0000-000000000004', '60000000-0000-0000-0000-000000000004', 'Ms. Meera Nair', '+91-8888888804', '10000000-0000-0000-0000-000000000004'),
  ('90000000-0000-0000-0000-000000000005', '60000000-0000-0000-0000-000000000005', 'Mr. Suresh Reddy', '+91-8888888805', '10000000-0000-0000-0000-000000000005'),
  ('90000000-0000-0000-0000-000000000006', '60000000-0000-0000-0000-000000000006', 'Ms. Lakshmi Iyer', '+91-8888888806', '10000000-0000-0000-0000-000000000006'),
  ('90000000-0000-0000-0000-000000000007', '60000000-0000-0000-0000-000000000007', 'Mr. Prakash Joshi', '+91-8888888807', '10000000-0000-0000-0000-000000000007'),
  ('90000000-0000-0000-0000-000000000008', '60000000-0000-0000-0000-000000000008', 'Ms. Rekha Desai', '+91-8888888808', '10000000-0000-0000-0000-000000000008'),
  ('90000000-0000-0000-0000-000000000009', '60000000-0000-0000-0000-000000000009', 'Mr. Deepak Singh', '+91-8888888809', '10000000-0000-0000-0000-000000000009'),
  ('90000000-0000-0000-0000-000000000010', '60000000-0000-0000-0000-000000000010', 'Ms. Pooja Kapoor', '+91-8888888810', '10000000-0000-0000-0000-000000000010')
ON CONFLICT (id) DO NOTHING;

-- ============================================
-- STEP 10: Create LAUNDRY STAFF PROFILES
-- ============================================
INSERT INTO laundry_staff (id, user_id, name, phone, laundry_service_id) VALUES
  ('a0000000-0000-0000-0000-000000000001', '70000000-0000-0000-0000-000000000001', 'Ravi Kumar', '+91-7777777701', '40000000-0000-0000-0000-000000000001'),
  ('a0000000-0000-0000-0000-000000000002', '70000000-0000-0000-0000-000000000002', 'Suresh Singh', '+91-7777777702', '40000000-0000-0000-0000-000000000001'),
  ('a0000000-0000-0000-0000-000000000003', '70000000-0000-0000-0000-000000000003', 'Mahesh Patil', '+91-7777777703', '40000000-0000-0000-0000-000000000002'),
  ('a0000000-0000-0000-0000-000000000004', '70000000-0000-0000-0000-000000000004', 'Ganesh Rao', '+91-7777777704', '40000000-0000-0000-0000-000000000002'),
  ('a0000000-0000-0000-0000-000000000005', '70000000-0000-0000-0000-000000000005', 'Ramesh Babu', '+91-7777777705', '40000000-0000-0000-0000-000000000003'),
  ('a0000000-0000-0000-0000-000000000006', '70000000-0000-0000-0000-000000000006', 'Dinesh Yadav', '+91-7777777706', '40000000-0000-0000-0000-000000000003'),
  ('a0000000-0000-0000-0000-000000000007', '70000000-0000-0000-0000-000000000007', 'Mukesh Jain', '+91-7777777707', '40000000-0000-0000-0000-000000000004'),
  ('a0000000-0000-0000-0000-000000000008', '70000000-0000-0000-0000-000000000008', 'Naresh Pillai', '+91-7777777708', '40000000-0000-0000-0000-000000000004'),
  ('a0000000-0000-0000-0000-000000000009', '70000000-0000-0000-0000-000000000009', 'Umesh Chandra', '+91-7777777709', '40000000-0000-0000-0000-000000000005'),
  ('a0000000-0000-0000-0000-000000000010', '70000000-0000-0000-0000-000000000010', 'Yogesh Pandey', '+91-7777777710', '40000000-0000-0000-0000-000000000005')
ON CONFLICT (id) DO NOTHING;

-- ============================================
-- VERIFICATION: Check inserted data
-- ============================================
SELECT 'Students created: ' || COUNT(*) FROM students;
SELECT 'Wardens created: ' || COUNT(*) FROM wardens;
SELECT 'Laundry staff created: ' || COUNT(*) FROM laundry_staff;
SELECT 'Total users created: ' || COUNT(*) FROM users;
